县(市)名称,0
麟游,A
岐山,A
汉中,A
横山,A
神木,A
潼关,A
渭南,A
永寿,A
郊区,A
耀县,A
周至,B
凤县,B
韩城,B
西乡,B
华县,B
宜君,B
志丹,B
太白,B
甘泉,B
富县,B
洛川,B
宜川,B
黄龙,B
黄陵,B
南郑,B
城固,B
洋县,B
延安,B
宝鸡,B
勉县,B
陇县,B
渭滨区,B
户县,B
长安,B
眉县,B
蓝田,B
旬邑,B
阎良,C
草滩农场,C
雁塔,C
未央,C
榆林,C
灞桥,C
府谷,C
高陵,C
绥德,C
定边,C
淳化,C
米脂,C
佳县,C
吴堡,C
清涧,C
子洲,C
临潼,C
靖边,C
吴旗,C
安塞,C
扶风,C
金台区,C
凤翔,C
千阳,C
杨陵区,C
合阳,C
澄城,C
白水,C
武功,C
秦都,C
华阴,C
长武,C
泾阳,C
三原,C
大荔,C
三门峡农,C
礼泉,C
兴平,C
乾县,C
彬县,C
延长,C
延川,C
子长,C
蒲城,C
富平,C
